{"schemaVersion":"1.0","appDefinitionTemplate":{"id":"/providers/Microsoft.PowerApps/apps/","type":"Microsoft.PowerApps/apps","tags":{"primaryDeviceWidth":"1366","primaryDeviceHeight":"768","supportsPortrait":"true","supportsLandscape":"true","primaryFormFactor":"Tablet","publisherVersion":"3.22052.26","minimumRequiredApiVersion":"2.2.0","hasComponent":"false","hasUnlockedComponent":"false","isUnifiedRootApp":"false","sienaVersion":"20220526T155435Z-3.22052.26.0"},"properties":{"appVersion":"2022-05-26T15:54:35Z","lifeCycleId":"Published","createdByClientVersion":{"major":3,"minor":22052,"build":26,"revision":0,"majorRevision":0,"minorRevision":0},"minClientVersion":{"major":3,"minor":22052,"build":26,"revision":0,"majorRevision":0,"minorRevision":0},"backgroundColor":"RGBA(0,176,240,1)","backgroundImageUri":"/17802509499804498743/Nb69088e1-4646-49e6-b299-bc39eca28e98-logoSmallFile","displayName":"Apps","description":"","commitMessage":"","appUris":{"documentUri":{"value":"/17802509499804498743/N11138b5d-e7e6-4066-bc27-f7ecf73e0883-document.msapp"},"imageUris":[]},"createdTime":"0001-01-01T00:00:00Z","lastModifiedTime":"0001-01-01T00:00:00Z","sharedGroupsCount":0,"sharedUsersCount":0,"icons":{"smallIconUri":"/17802509499804498743/N7fef5fc5-13c9-4146-a687-d5748511eaeb-small.png","mediumIconUri":"/17802509499804498743/Nf7091ae4-3779-403e-b8b4-5a543a1c20e1-medium.png","largeIconUri":"/17802509499804498743/N2f66ce33-4b07-45b0-96c6-f73d404d7fe9-large.png","wideIconUri":"/17802509499804498743/N5ecc7edb-10c9-4f36-b17e-578824aae63b-wide.png"},"connectionReferences":{"feed07ab-b86f-487e-87df-5e2557d1e345":{"id":"37aafc63-ed3a-4e86-b102-28e94978d0f1","displayName":"SharePoint","iconUri":"https://connectoricons-prod.azureedge.net/releases/v1.0.1568/1.0.1568.2757/sharepointonline/icon.png","dataSources":["Store","Employees","Documents"],"dependencies":[],"dependents":[],"parameterHints":{},"parameterHintsV2":{},"isOnPremiseConnection":false,"dataSets":{"https://thweaung.sharepoint.com/sites/BusinessCheckinApp":{"dataSources":{"Store":{"tableName":"7bde0957-78c5-4bb3-8279-430733fa1e6a"},"Employees":{"tableName":"de1846b7-66bb-4420-ba45-db8240de6731"},"Documents":{"tableName":"81aae207-491b-40fb-9a80-9e38f174cdef"}}}},"apiTier":"Standard","isCustomApiConnection":false,"actions":["providers/PowerPlatform.Governance/Operations/Read"]}},"databaseReferences":{},"almMode":"Environment","performanceOptimizationEnabled":true,"canConsumeAppPass":true,"executionRestrictions":{"isTeamsOnly":false,"dataLossPreventionEvaluationResult":{"status":"Compliant","lastEvaluationDate":"2022-05-26T15:54:51.421796Z","violations":[],"violationsByPolicy":[],"violationErrorMessage":"The app uses the following connectors: shared_sharepointonline."}}},"appType":"ClassicCanvasApp","appComponents":[]}}